estado,data,indice
RR,01-02-2020,32.8
RR,02-02-2020,38.2
RR,03-02-2020,24.9
RR,05-02-2020,27.3
RR,06-02-2020,26.0
RR,07-02-2020,23.6
RR,08-02-2020,28.5
RR,09-02-2020,37.4
RR,11-02-2020,24.2
RR,10-02-2020,21.9
RR,12-02-2020,24.5
RR,13-02-2020,25.8
RR,14-02-2020,24.7
RR,17-02-2020,24.5
RR,15-02-2020,33.6
RR,16-02-2020,38.6
RR,18-02-2020,27.6
RR,20-02-2020,25.5
RR,21-02-2020,25.0
RR,22-02-2020,32.6
RR,23-02-2020,40.3
RR,24-02-2020,35.5
RR,25-02-2020,41.9
RR,26-02-2020,35.2
RR,28-02-2020,26.8
RR,27-02-2020,27.2
RR,02-03-2020,27.5
RR,29-02-2020,31.5
RR,01-03-2020,41.0
RR,06-03-2020,28.7
RR,04-03-2020,30.8
RR,05-03-2020,30.7
RR,09-03-2020,29.8
RR,07-03-2020,32.4
RR,08-03-2020,40.6
RR,14-03-2020,35.7
RR,10-03-2020,30.3
RR,13-03-2020,30.8
RR,11-03-2020,29.3
RR,12-03-2020,31.0
RR,15-03-2020,41.8
RR,16-03-2020,31.3
RR,17-03-2020,33.8
RR,18-03-2020,35.6
RR,19-03-2020,36.2
RR,20-03-2020,36.5
RR,21-03-2020,44.4
RR,23-03-2020,47.1
RR,22-03-2020,55.8
RR,24-03-2020,49.8
RR,26-03-2020,49.8
RR,25-03-2020,51.1
RR,27-03-2020,47.7
RR,28-03-2020,49.7
RR,29-03-2020,54.3
RR,31-03-2020,44.0
RR,01-04-2020,40.2
RR,03-04-2020,42.8
RR,02-04-2020,43.2
RR,04-04-2020,46.3
RR,05-04-2020,52.8
RR,06-04-2020,42.7
RR,07-04-2020,42.1
RR,08-04-2020,41.3
RR,09-04-2020,41.9
RR,10-04-2020,49.1
RR,11-04-2020,45.6
RR,12-04-2020,51.6
RR,13-04-2020,42.8
RR,15-04-2020,42.6
RR,17-04-2020,40.3
RR,16-04-2020,39.1
RR,20-04-2020,43.1
RR,18-04-2020,44.1
RR,19-04-2020,51.2
RR,21-04-2020,46.1
RR,22-04-2020,39.4
RR,25-04-2020,42.8
RR,27-04-2020,40.7
RR,26-04-2020,49.3
RR,30-04-2020,39.4
RR,01-05-2020,45.0
RR,02-05-2020,43.2
RR,03-05-2020,49.1
RR,04-05-2020,40.0
AM,01-02-2020,34.8
AM,02-02-2020,41.0
AM,03-02-2020,29.5
AM,05-02-2020,30.3
AM,04-02-2020,30.7
AM,06-02-2020,29.3
AM,07-02-2020,26.3
AM,08-02-2020,30.8
AM,09-02-2020,40.3
AM,10-02-2020,25.3
AM,11-02-2020,27.4
AM,13-02-2020,29.3
AM,12-02-2020,27.3
AM,14-02-2020,28.4
AM,15-02-2020,36.1
AM,16-02-2020,42.0
AM,17-02-2020,27.4
AM,18-02-2020,30.5
AM,19-02-2020,32.8
AM,20-02-2020,28.9
AM,21-02-2020,28.3
AM,22-02-2020,35.3
AM,23-02-2020,43.6
AM,24-02-2020,38.2
AM,25-02-2020,46.5
AM,26-02-2020,40.3
AM,27-02-2020,30.5
AM,28-02-2020,29.4
AM,29-02-2020,33.8
AM,01-03-2020,43.8
AM,02-03-2020,31.4
AM,03-03-2020,32.3
AM,04-03-2020,34.9
AM,05-03-2020,35.2
AM,06-03-2020,32.8
AM,07-03-2020,35.0
AM,08-03-2020,43.6
AM,09-03-2020,34.0
AM,10-03-2020,34.5
AM,11-03-2020,33.0
AM,13-03-2020,34.4
AM,12-03-2020,34.4
AM,14-03-2020,43.2
AM,15-03-2020,45.2
AM,16-03-2020,35.4
AM,17-03-2020,36.8
AM,18-03-2020,39.4
AM,19-03-2020,43.9
AM,20-03-2020,40.7
AM,21-03-2020,48.8
AM,23-03-2020,54.3
AM,22-03-2020,52.6
AM,24-03-2020,46.8
AM,25-03-2020,53.7
AM,27-03-2020,51.6
AM,26-03-2020,53.3
AM,28-03-2020,54.1
AM,29-03-2020,59.4
AM,30-03-2020,53.0
AM,31-03-2020,51.2
AM,01-04-2020,46.9
AM,02-04-2020,49.9
AM,03-04-2020,49.1
AM,04-04-2020,52.9
AM,05-04-2020,59.3
AM,06-04-2020,52.2
AM,07-04-2020,51.0
AM,08-04-2020,53.0
AM,09-04-2020,51.8
AM,10-04-2020,58.6
AM,11-04-2020,56.3
AM,12-04-2020,58.9
AM,13-04-2020,53.2
AM,14-04-2020,52.4
AM,17-04-2020,50.1
AM,15-04-2020,52.7
AM,16-04-2020,49.0
AM,18-04-2020,53.7
AM,19-04-2020,60.2
AM,20-04-2020,52.5
AM,22-04-2020,50.4
AM,23-04-2020,51.2
AM,24-04-2020,50.7
AM,04-05-2020,48.3
AM,26-04-2020,57.8
AM,25-04-2020,56.7
AM,28-04-2020,50.3
AM,27-04-2020,50.3
AM,30-04-2020,47.9
AM,02-05-2020,50.7
AM,01-05-2020,52.9
AM,03-05-2020,54.0
AM,29-04-2020,48.4
AC,01-02-2020,36.3
AC,02-02-2020,42.3
AC,05-02-2020,31.2
AC,03-02-2020,29.7
AC,04-02-2020,30.5
AC,07-02-2020,27.3
AC,06-02-2020,31.4
AC,08-02-2020,31.3
AC,09-02-2020,40.1
AC,10-02-2020,26.9
AC,11-02-2020,26.6
AC,12-02-2020,27.4
AC,13-02-2020,29.4
AC,14-02-2020,29.5
AC,15-02-2020,37.7
AC,16-02-2020,43.5
AC,17-02-2020,27.1
AC,19-02-2020,33.6
AC,20-02-2020,29.0
AC,21-02-2020,28.8
AC,22-02-2020,35.9
AC,23-02-2020,42.8
AC,24-02-2020,37.5
AC,25-02-2020,43.7
AC,26-02-2020,37.6
AC,27-02-2020,31.2
AC,28-02-2020,29.7
AC,29-02-2020,34.8
AC,01-03-2020,46.4
AC,04-03-2020,34.6
AC,02-03-2020,29.1
AC,03-03-2020,31.8
AC,05-03-2020,34.7
AC,06-03-2020,33.1
AC,07-03-2020,36.4
AC,08-03-2020,45.2
AC,09-03-2020,32.9
AC,10-03-2020,33.8
AC,11-03-2020,32.5
AC,12-03-2020,34.0
AC,13-03-2020,35.8
AC,14-03-2020,40.4
AC,15-03-2020,47.0
AC,16-03-2020,34.3
AC,17-03-2020,34.3
AC,18-03-2020,41.8
AC,19-03-2020,43.5
AC,21-03-2020,53.9
AC,22-03-2020,63.2
AC,23-03-2020,54.1
AC,20-03-2020,44.8
AC,24-03-2020,55.3
AC,26-03-2020,53.2
AC,25-03-2020,54.3
AC,27-03-2020,50.8
AC,28-03-2020,54.9
AC,29-03-2020,58.7
AC,30-03-2020,50.6
AC,01-04-2020,46.5
AC,02-04-2020,49.4
AC,03-04-2020,48.4
AC,04-04-2020,51.1
AC,05-04-2020,57.8
AC,06-04-2020,46.9
AC,07-04-2020,46.3
AC,08-04-2020,46.0
AC,09-04-2020,46.3
AC,10-04-2020,54.0
AC,11-04-2020,48.6
AC,12-04-2020,55.6
AC,13-04-2020,46.6
AC,14-04-2020,47.4
AC,15-04-2020,51.9
AC,16-04-2020,43.8
AC,17-04-2020,45.3
AC,21-04-2020,53.4
AC,18-04-2020,48.8
AC,19-04-2020,56.6
AC,20-04-2020,47.1
AC,22-04-2020,46.0
AC,23-04-2020,46.8
AC,24-04-2020,45.7
AC,25-04-2020,48.7
AC,26-04-2020,56.2
AC,28-04-2020,45.5
AC,27-04-2020,46.1
AC,29-04-2020,43.6
AC,30-04-2020,43.2
AC,01-05-2020,51.4
AC,02-05-2020,46.9
AC,03-05-2020,54.0
AC,04-05-2020,45.7
AP,01-02-2020,32.8
AP,02-02-2020,39.4
AP,03-02-2020,26.1
AP,04-02-2020,33.3
AP,05-02-2020,27.8
AP,06-02-2020,27.7
AP,07-02-2020,25.4
AP,08-02-2020,30.6
AP,09-02-2020,39.6
AP,11-02-2020,24.5
AP,10-02-2020,22.8
AP,12-02-2020,24.9
AP,13-02-2020,26.9
AP,14-02-2020,27.0
AP,15-02-2020,33.8
AP,16-02-2020,41.0
AP,18-02-2020,27.5
AP,17-02-2020,24.5
AP,19-02-2020,31.0
AP,20-02-2020,26.7
AP,21-02-2020,26.1
AP,22-02-2020,33.3
AP,24-02-2020,36.1
AP,23-02-2020,41.3
AP,25-02-2020,44.1
AP,26-02-2020,38.3
AP,27-02-2020,27.7
AP,28-02-2020,26.8
AP,29-02-2020,32.2
AP,01-03-2020,44.0
AP,02-03-2020,27.9
AP,03-03-2020,30.7
AP,04-03-2020,32.1
AP,05-03-2020,31.4
AP,06-03-2020,30.1
AP,07-03-2020,32.9
AP,08-03-2020,42.6
AP,09-03-2020,30.6
AP,11-03-2020,29.4
AP,10-03-2020,30.7
AP,12-03-2020,30.5
AP,13-03-2020,31.2
AP,14-03-2020,36.4
AP,15-03-2020,46.5
AP,16-03-2020,32.9
AP,17-03-2020,34.2
AP,18-03-2020,38.2
AP,19-03-2020,46.7
AP,20-03-2020,43.9
AP,21-03-2020,56.5
AP,22-03-2020,63.2
AP,24-03-2020,55.5
AP,23-03-2020,54.2
AP,25-03-2020,54.0
AP,26-03-2020,54.0
AP,27-03-2020,52.3
AP,28-03-2020,53.9
AP,29-03-2020,58.7
AP,30-03-2020,50.3
AP,01-04-2020,46.4
AP,02-04-2020,49.0
AP,03-04-2020,48.7
AP,05-04-2020,56.5
AP,04-04-2020,49.9
AP,07-04-2020,47.0
AP,06-04-2020,47.8
AP,08-04-2020,47.3
AP,09-04-2020,46.1
AP,10-04-2020,56.8
AP,11-04-2020,48.3
AP,12-04-2020,56.2
AP,15-04-2020,47.1
AP,14-04-2020,48.0
AP,13-04-2020,48.4
AP,17-04-2020,44.7
AP,16-04-2020,45.5
AP,18-04-2020,47.8
AP,19-04-2020,56.4
AP,20-04-2020,46.3
AP,21-04-2020,49.9
AP,22-04-2020,45.7
AP,23-04-2020,45.7
AP,24-04-2020,44.3
AP,25-04-2020,47.7
AP,26-04-2020,57.1
AP,28-04-2020,46.6
AP,27-04-2020,46.2
AP,29-04-2020,47.7
AP,30-04-2020,44.8
AP,01-05-2020,54.2
AP,03-05-2020,54.5
AP,02-05-2020,48.3
AP,04-05-2020,47.9
PA,01-02-2020,32.1
PA,02-02-2020,38.0
PA,04-02-2020,27.8
PA,03-02-2020,26.1
PA,05-02-2020,28.3
PA,06-02-2020,27.2
PA,07-02-2020,24.2
PA,08-02-2020,29.9
PA,09-02-2020,37.6
PA,11-02-2020,25.0
PA,10-02-2020,23.2
PA,12-02-2020,25.0
PA,14-02-2020,25.6
PA,13-02-2020,26.2
PA,15-02-2020,33.2
PA,17-02-2020,25.0
PA,16-02-2020,39.3
PA,18-02-2020,28.1
PA,19-02-2020,29.9
PA,20-02-2020,27.4
PA,21-02-2020,25.9
PA,22-02-2020,32.9
PA,23-02-2020,40.7
PA,24-02-2020,35.6
PA,25-02-2020,43.4
PA,26-02-2020,36.8
PA,27-02-2020,28.0
PA,28-02-2020,27.6
PA,02-03-2020,27.9
PA,29-02-2020,31.6
PA,01-03-2020,41.1
PA,03-03-2020,30.2
PA,04-03-2020,32.1
PA,06-03-2020,29.8
PA,05-03-2020,31.7
PA,07-03-2020,35.7
PA,08-03-2020,41.2
PA,09-03-2020,34.0
PA,10-03-2020,31.2
PA,11-03-2020,30.9
PA,12-03-2020,32.7
PA,13-03-2020,31.5
PA,14-03-2020,36.9
PA,15-03-2020,44.8
PA,16-03-2020,31.4
PA,17-03-2020,31.4
PA,18-03-2020,34.5
PA,19-03-2020,37.9
PA,20-03-2020,38.1
PA,23-03-2020,47.7
PA,21-03-2020,47.9
PA,22-03-2020,56.7
PA,25-03-2020,48.8
PA,24-03-2020,49.1
PA,26-03-2020,48.5
PA,27-03-2020,47.1
PA,28-03-2020,49.5
PA,29-03-2020,55.0
PA,30-03-2020,45.9
PA,01-04-2020,42.4
PA,31-03-2020,45.2
PA,03-04-2020,44.0
PA,02-04-2020,44.6
PA,04-04-2020,46.9
PA,05-04-2020,53.4
PA,06-04-2020,44.1
PA,07-04-2020,43.3
PA,08-04-2020,43.4
PA,09-04-2020,43.4
PA,10-04-2020,54.8
PA,11-04-2020,46.4
PA,12-04-2020,53.1
PA,13-04-2020,45.1
PA,14-04-2020,47.3
PA,15-04-2020,45.6
PA,16-04-2020,42.6
PA,17-04-2020,46.7
PA,18-04-2020,46.8
PA,19-04-2020,55.4
PA,20-04-2020,46.1
PA,21-04-2020,53.5
PA,22-04-2020,45.3
PA,23-04-2020,46.0
PA,24-04-2020,46.0
PA,25-04-2020,48.7
PA,26-04-2020,56.6
PA,27-04-2020,46.8
PA,30-04-2020,46.2
PA,29-04-2020,46.1
PA,28-04-2020,47.2
PA,01-05-2020,53.8
PA,02-05-2020,47.6
PA,03-05-2020,53.3
PA,04-05-2020,47.3
RO,01-02-2020,33.8
RO,02-02-2020,40.8
RO,03-02-2020,27.3
RO,04-02-2020,28.9
RO,05-02-2020,29.4
RO,06-02-2020,27.7
RO,07-02-2020,25.2
RO,08-02-2020,29.9
RO,09-02-2020,39.3
RO,11-02-2020,25.3
RO,10-02-2020,24.0
RO,12-02-2020,25.5
RO,13-02-2020,27.7
RO,14-02-2020,26.2
RO,15-02-2020,34.8
RO,16-02-2020,41.3
RO,18-02-2020,28.5
RO,17-02-2020,25.4
RO,19-02-2020,31.5
RO,20-02-2020,26.9
RO,21-02-2020,27.0
RO,22-02-2020,34.0
RO,23-02-2020,43.7
RO,24-02-2020,37.0
RO,25-02-2020,43.4
RO,26-02-2020,36.0
RO,28-02-2020,27.5
RO,27-02-2020,29.9
RO,29-02-2020,32.3
RO,01-03-2020,43.5
RO,02-03-2020,28.4
RO,03-03-2020,33.6
RO,04-03-2020,32.9
RO,05-03-2020,32.3
RO,06-03-2020,31.2
RO,07-03-2020,34.1
RO,08-03-2020,42.6
RO,09-03-2020,31.0
RO,10-03-2020,32.3
RO,11-03-2020,30.6
RO,12-03-2020,33.2
RO,13-03-2020,32.2
RO,14-03-2020,37.0
RO,15-03-2020,44.7
RO,16-03-2020,32.6
RO,17-03-2020,34.1
RO,18-03-2020,37.9
RO,19-03-2020,38.7
RO,20-03-2020,39.4
RO,21-03-2020,51.5
RO,22-03-2020,66.1
RO,23-03-2020,51.2
RO,25-03-2020,53.4
RO,24-03-2020,53.4
RO,26-03-2020,52.2
RO,27-03-2020,49.7
RO,28-03-2020,51.2
RO,29-03-2020,58.2
RO,30-03-2020,47.7
RO,31-03-2020,46.1
RO,01-04-2020,44.0
RO,02-04-2020,46.3
RO,03-04-2020,45.4
RO,04-04-2020,47.5
RO,05-04-2020,54.2
RO,06-04-2020,45.1
RO,07-04-2020,43.7
RO,08-04-2020,43.8
RO,09-04-2020,44.1
RO,10-04-2020,52.0
RO,11-04-2020,47.1
RO,12-04-2020,53.0
RO,13-04-2020,44.0
RO,16-04-2020,42.0
RO,14-04-2020,45.7
RO,15-04-2020,47.3
RO,17-04-2020,41.9
RO,18-04-2020,46.4
RO,19-04-2020,54.1
RO,20-04-2020,44.0
RO,21-04-2020,51.1
RO,22-04-2020,42.9
RO,24-04-2020,41.4
RO,23-04-2020,43.6
RO,25-04-2020,45.5
RO,26-04-2020,53.2
RO,27-04-2020,43.0
RO,28-04-2020,42.2
RO,29-04-2020,41.3
RO,03-05-2020,50.4
RO,01-05-2020,49.7
RO,02-05-2020,44.0
RO,04-05-2020,42.0
MT,01-02-2020,32.1
MT,02-02-2020,38.8
MT,03-02-2020,27.1
MT,04-02-2020,28.2
MT,05-02-2020,28.0
MT,08-02-2020,28.7
MT,07-02-2020,24.8
MT,06-02-2020,27.6
MT,10-02-2020,24.1
MT,09-02-2020,38.4
MT,11-02-2020,24.5
MT,12-02-2020,26.1
MT,13-02-2020,26.6
MT,14-02-2020,26.0
MT,15-02-2020,32.7
MT,16-02-2020,39.6
MT,17-02-2020,25.1
MT,18-02-2020,28.2
MT,19-02-2020,30.0
MT,20-02-2020,26.7
MT,21-02-2020,26.3
MT,22-02-2020,32.8
MT,23-02-2020,42.0
MT,24-02-2020,34.5
MT,25-02-2020,41.9
MT,26-02-2020,33.7
MT,27-02-2020,28.3
MT,28-02-2020,26.8
MT,29-02-2020,31.3
MT,01-03-2020,41.3
MT,02-03-2020,28.8
MT,04-03-2020,31.5
MT,05-03-2020,31.3
MT,06-03-2020,28.9
MT,07-03-2020,31.6
MT,08-03-2020,40.7
MT,09-03-2020,30.9
MT,10-03-2020,31.1
MT,11-03-2020,30.0
MT,12-03-2020,31.0
MT,13-03-2020,31.3
MT,14-03-2020,35.5
MT,15-03-2020,42.3
MT,16-03-2020,32.0
MT,17-03-2020,31.5
MT,18-03-2020,34.1
MT,19-03-2020,35.6
MT,20-03-2020,38.8
MT,21-03-2020,46.8
MT,22-03-2020,58.9
MT,23-03-2020,50.1
MT,24-03-2020,51.6
MT,26-03-2020,49.4
MT,25-03-2020,50.9
MT,27-03-2020,47.6
MT,28-03-2020,49.8
MT,29-03-2020,54.9
MT,31-03-2020,44.4
MT,30-03-2020,44.9
MT,01-04-2020,42.4
MT,02-04-2020,43.9
MT,03-04-2020,43.8
MT,04-04-2020,45.7
MT,05-04-2020,53.2
MT,07-04-2020,41.4
MT,06-04-2020,43.2
MT,08-04-2020,43.7
MT,09-04-2020,40.4
MT,10-04-2020,51.0
MT,11-04-2020,43.1
MT,12-04-2020,49.9
MT,14-04-2020,41.9
MT,16-04-2020,38.9
MT,15-04-2020,41.1
MT,17-04-2020,38.1
MT,18-04-2020,42.8
MT,19-04-2020,50.7
MT,20-04-2020,40.6
MT,21-04-2020,48.2
MT,22-04-2020,39.7
MT,24-04-2020,37.8
MT,25-04-2020,41.7
MT,26-04-2020,49.1
MT,27-04-2020,39.6
MT,28-04-2020,39.1
MT,29-04-2020,37.9
MT,30-04-2020,37.0
MT,01-05-2020,46.3
MT,02-05-2020,40.1
MT,03-05-2020,46.7
MT,04-05-2020,39.3
MS,01-02-2020,32.9
MS,02-02-2020,39.1
MS,03-02-2020,27.1
MS,04-02-2020,28.5
MS,05-02-2020,28.5
MS,07-02-2020,24.6
MS,08-02-2020,28.6
MS,10-02-2020,23.7
MS,09-02-2020,37.5
MS,11-02-2020,24.4
MS,12-02-2020,25.3
MS,13-02-2020,26.3
MS,14-02-2020,25.7
MS,15-02-2020,32.8
MS,16-02-2020,39.9
MS,17-02-2020,24.7
MS,21-02-2020,26.2
MS,18-02-2020,27.6
MS,19-02-2020,29.4
MS,20-02-2020,26.4
MS,22-02-2020,32.5
MS,24-02-2020,35.0
MS,23-02-2020,40.9
MS,25-02-2020,43.1
MS,26-02-2020,35.8
MS,27-02-2020,27.3
MS,28-02-2020,26.1
MS,29-02-2020,32.0
MS,01-03-2020,40.9
MS,03-03-2020,29.0
MS,02-03-2020,27.7
MS,04-03-2020,30.8
MS,05-03-2020,30.4
MS,06-03-2020,28.3
MS,07-03-2020,32.0
MS,08-03-2020,40.8
MS,09-03-2020,29.8
MS,11-03-2020,28.9
MS,10-03-2020,30.4
MS,12-03-2020,30.2
MS,13-03-2020,30.5
MS,14-03-2020,36.0
MS,15-03-2020,42.0
MS,17-03-2020,31.9
MS,16-03-2020,31.7
MS,18-03-2020,35.3
MS,20-03-2020,39.2
MS,21-03-2020,50.5
MS,22-03-2020,62.6
MS,24-03-2020,52.6
MS,23-03-2020,51.6
MS,25-03-2020,52.5
MS,26-03-2020,51.4
MS,27-03-2020,50.1
MS,28-03-2020,53.6
MS,30-03-2020,46.8
MS,29-03-2020,59.0
MS,31-03-2020,45.7
MS,01-04-2020,43.8
MS,02-04-2020,45.6
MS,03-04-2020,45.0
MS,04-04-2020,47.9
MS,05-04-2020,54.6
MS,06-04-2020,42.7
MS,08-04-2020,40.5
MS,09-04-2020,40.4
MS,10-04-2020,51.2
MS,13-04-2020,41.1
MS,12-04-2020,50.7
MS,11-04-2020,44.2
MS,14-04-2020,40.9
MS,15-04-2020,41.2
MS,16-04-2020,39.2
MS,17-04-2020,38.8
MS,18-04-2020,43.7
MS,20-04-2020,41.0
MS,21-04-2020,48.6
MS,22-04-2020,38.8
MS,23-04-2020,39.4
MS,24-04-2020,38.2
MS,26-04-2020,49.5
MS,27-04-2020,40.0
MS,30-04-2020,36.7
MS,01-05-2020,47.5
MS,02-05-2020,41.4
MS,03-05-2020,46.8
MS,04-05-2020,38.7
RS,01-02-2020,32.8
RS,02-02-2020,39.2
RS,03-02-2020,26.8
RS,04-02-2020,26.8
RS,05-02-2020,28.1
RS,06-02-2020,27.1
RS,07-02-2020,24.6
RS,08-02-2020,29.6
RS,09-02-2020,40.3
RS,11-02-2020,25.2
RS,12-02-2020,25.7
RS,13-02-2020,26.6
RS,14-02-2020,25.7
RS,15-02-2020,34.1
RS,16-02-2020,42.1
RS,18-02-2020,28.3
RS,17-02-2020,25.4
RS,19-02-2020,28.3
RS,20-02-2020,25.3
RS,21-02-2020,25.3
RS,22-02-2020,34.1
RS,23-02-2020,43.5
RS,24-02-2020,37.6
RS,25-02-2020,44.2
RS,26-02-2020,31.4
RS,28-02-2020,26.0
RS,27-02-2020,26.9
RS,02-03-2020,27.3
RS,01-03-2020,42.4
RS,04-03-2020,30.1
RS,03-03-2020,28.5
RS,15-03-2020,45.2
RS,05-03-2020,29.6
RS,06-03-2020,27.5
RS,07-03-2020,32.9
RS,08-03-2020,42.8
RS,09-03-2020,28.9
RS,11-03-2020,27.8
RS,10-03-2020,29.3
RS,13-03-2020,29.5
RS,12-03-2020,28.8
RS,16-03-2020,32.2
RS,14-03-2020,37.2
RS,17-03-2020,32.1
RS,18-03-2020,36.7
RS,19-03-2020,39.8
RS,20-03-2020,42.0
RS,21-03-2020,56.8
RS,22-03-2020,69.5
RS,24-03-2020,59.1
RS,23-03-2020,57.4
RS,25-03-2020,58.0
RS,26-03-2020,57.4
RS,27-03-2020,55.4
RS,28-03-2020,59.1
RS,29-03-2020,64.8
RS,30-03-2020,52.9
RS,31-03-2020,51.9
RS,01-04-2020,48.9
RS,02-04-2020,52.2
RS,03-04-2020,50.8
RS,04-04-2020,54.3
RS,05-04-2020,61.3
RS,06-04-2020,50.5
RS,07-04-2020,47.3
RS,09-04-2020,45.7
RS,08-04-2020,46.2
RS,10-04-2020,58.6
RS,11-04-2020,50.5
RS,12-04-2020,56.0
RS,13-04-2020,47.0
RS,14-04-2020,47.5
RS,15-04-2020,46.6
RS,16-04-2020,43.3
RS,18-04-2020,48.5
RS,19-04-2020,56.8
RS,20-04-2020,45.2
RS,21-04-2020,54.3
RS,22-04-2020,42.8
RS,23-04-2020,43.3
RS,24-04-2020,41.8
RS,26-04-2020,56.7
RS,25-04-2020,47.4
RS,27-04-2020,44.1
RS,28-04-2020,43.4
RS,29-04-2020,42.0
RS,30-04-2020,40.1
RS,01-05-2020,52.9
RS,02-05-2020,45.6
RS,03-05-2020,52.5
RS,04-05-2020,42.1
SC,01-02-2020,32.3
SC,02-02-2020,39.7
SC,03-02-2020,27.2
SC,04-02-2020,29.4
SC,05-02-2020,28.5
SC,06-02-2020,27.6
SC,07-02-2020,24.8
SC,08-02-2020,29.7
SC,09-02-2020,39.8
SC,11-02-2020,24.6
SC,10-02-2020,23.9
SC,12-02-2020,25.3
SC,13-02-2020,25.9
SC,14-02-2020,25.2
SC,15-02-2020,33.3
SC,16-02-2020,40.6
SC,17-02-2020,25.1
SC,18-02-2020,27.6
SC,19-02-2020,29.0
SC,21-02-2020,25.6
SC,20-02-2020,25.6
SC,22-02-2020,33.1
SC,23-02-2020,42.0
SC,26-02-2020,32.5
SC,24-02-2020,35.2
SC,27-02-2020,27.0
SC,25-02-2020,41.0
SC,28-02-2020,26.2
SC,29-02-2020,32.4
SC,01-03-2020,42.4
SC,02-03-2020,28.3
SC,03-03-2020,29.9
SC,04-03-2020,30.8
SC,05-03-2020,30.7
SC,06-03-2020,28.2
SC,07-03-2020,32.6
SC,08-03-2020,42.1
SC,11-03-2020,28.9
SC,09-03-2020,31.6
SC,10-03-2020,30.4
SC,16-03-2020,31.6
SC,12-03-2020,30.1
SC,13-03-2020,30.3
SC,14-03-2020,36.6
SC,15-03-2020,43.5
SC,17-03-2020,32.6
SC,18-03-2020,37.4
SC,19-03-2020,51.2
SC,20-03-2020,54.5
SC,21-03-2020,65.9
SC,22-03-2020,72.8
SC,23-03-2020,64.4
SC,24-03-2020,62.7
SC,25-03-2020,60.8
SC,26-03-2020,59.6
SC,27-03-2020,58.0
SC,28-03-2020,60.0
SC,29-03-2020,64.8
SC,30-03-2020,53.3
SC,31-03-2020,52.4
SC,01-04-2020,49.4
SC,02-04-2020,51.6
SC,03-04-2020,50.0
SC,06-04-2020,48.8
SC,04-04-2020,53.8
SC,05-04-2020,60.5
SC,07-04-2020,45.9
SC,09-04-2020,43.7
SC,08-04-2020,44.5
SC,10-04-2020,56.7
SC,11-04-2020,48.4
SC,12-04-2020,55.7
SC,13-04-2020,44.3
SC,14-04-2020,44.1
SC,15-04-2020,43.5
SC,16-04-2020,41.4
SC,17-04-2020,41.6
SC,18-04-2020,47.4
SC,19-04-2020,57.1
SC,20-04-2020,43.5
SC,21-04-2020,50.7
SC,23-04-2020,41.6
SC,22-04-2020,41.0
SC,24-04-2020,40.0
SC,27-04-2020,42.2
SC,25-04-2020,45.4
SC,03-05-2020,50.3
SC,04-05-2020,40.5
SC,02-05-2020,43.5
SC,01-05-2020,51.1
SC,30-04-2020,38.6
SC,26-04-2020,53.2
SC,28-04-2020,41.8
SC,29-04-2020,40.1
PR,01-02-2020,31.4
PR,02-02-2020,41.6
PR,03-02-2020,26.9
PR,04-02-2020,27.7
PR,05-02-2020,27.4
PR,06-02-2020,26.5
PR,07-02-2020,24.2
PR,08-02-2020,28.6
PR,09-02-2020,37.1
PR,10-02-2020,23.8
PR,11-02-2020,24.5
PR,12-02-2020,24.7
PR,13-02-2020,25.8
PR,14-02-2020,24.9
PR,17-02-2020,24.8
PR,15-02-2020,32.8
PR,16-02-2020,40.0
PR,18-02-2020,27.3
PR,20-02-2020,25.3
PR,19-02-2020,28.7
PR,21-02-2020,25.2
PR,22-02-2020,33.0
PR,23-02-2020,41.4
PR,24-02-2020,36.4
PR,25-02-2020,45.3
PR,26-02-2020,34.4
PR,28-02-2020,25.7
PR,27-02-2020,26.6
PR,02-03-2020,27.7
PR,29-02-2020,31.6
PR,01-03-2020,41.7
PR,03-03-2020,29.1
PR,04-03-2020,30.3
PR,05-03-2020,30.4
PR,06-03-2020,28.0
PR,07-03-2020,32.4
PR,08-03-2020,41.4
PR,09-03-2020,29.6
PR,10-03-2020,29.9
PR,11-03-2020,28.3
PR,12-03-2020,30.0
PR,13-03-2020,29.8
PR,14-03-2020,35.5
PR,17-03-2020,30.8
PR,15-03-2020,42.4
PR,16-03-2020,31.0
PR,18-03-2020,34.6
PR,19-03-2020,37.4
PR,20-03-2020,40.1
PR,21-03-2020,53.0
PR,22-03-2020,65.6
PR,24-03-2020,54.8
PR,23-03-2020,52.7
PR,25-03-2020,54.3
PR,26-03-2020,53.6
PR,27-03-2020,52.1
PR,28-03-2020,55.0
PR,29-03-2020,62.7
PR,30-03-2020,49.4
PR,31-03-2020,48.6
PR,01-04-2020,46.0
PR,03-04-2020,47.5
PR,02-04-2020,48.7
PR,04-04-2020,50.7
PR,05-04-2020,58.1
PR,06-04-2020,47.3
PR,07-04-2020,44.5
PR,08-04-2020,43.9
PR,09-04-2020,43.1
PR,10-04-2020,56.6
PR,11-04-2020,46.8
PR,13-04-2020,44.3
PR,12-04-2020,53.4
PR,14-04-2020,44.3
PR,15-04-2020,43.7
PR,17-04-2020,41.3
PR,16-04-2020,41.5
PR,18-04-2020,46.3
PR,19-04-2020,55.5
PR,20-04-2020,42.8
PR,21-04-2020,51.4
PR,22-04-2020,40.4
PR,23-04-2020,41.5
PR,24-04-2020,39.9
PR,25-04-2020,44.3
PR,26-04-2020,52.1
PR,27-04-2020,41.3
PR,28-04-2020,40.7
PR,29-04-2020,39.9
PR,30-04-2020,38.5
PR,02-05-2020,42.4
PR,01-05-2020,50.7
PR,03-05-2020,49.5
PR,04-05-2020,40.2
SP,03-02-2020,26.4
SP,01-02-2020,31.7
SP,02-02-2020,38.7
SP,04-02-2020,26.2
SP,05-02-2020,26.5
SP,06-02-2020,25.6
SP,07-02-2020,23.0
SP,08-02-2020,28.0
SP,09-02-2020,36.7
SP,10-02-2020,25.4
SP,11-02-2020,24.1
SP,12-02-2020,24.1
SP,13-02-2020,24.9
SP,14-02-2020,24.2
SP,15-02-2020,32.0
SP,16-02-2020,39.2
SP,17-02-2020,24.0
SP,18-02-2020,26.5
SP,19-02-2020,27.8
SP,20-02-2020,24.7
SP,21-02-2020,24.6
SP,22-02-2020,32.9
SP,23-02-2020,40.7
SP,26-02-2020,33.7
SP,24-02-2020,36.1
SP,25-02-2020,42.1
SP,27-02-2020,27.1
SP,28-02-2020,26.0
SP,02-03-2020,27.2
SP,29-02-2020,31.6
SP,01-03-2020,41.6
SP,03-03-2020,28.8
SP,04-03-2020,29.4
SP,05-03-2020,28.7
SP,06-03-2020,26.6
SP,07-03-2020,31.3
SP,08-03-2020,40.6
SP,09-03-2020,28.4
SP,10-03-2020,28.6
SP,11-03-2020,27.4
SP,12-03-2020,28.6
SP,13-03-2020,29.0
SP,14-03-2020,35.1
SP,15-03-2020,42.0
SP,16-03-2020,32.1
SP,17-03-2020,32.9
SP,18-03-2020,35.1
SP,19-03-2020,38.1
SP,20-03-2020,39.3
SP,21-03-2020,51.6
SP,22-03-2020,62.5
SP,23-03-2020,50.8
SP,24-03-2020,53.7
SP,25-03-2020,53.3
SP,26-03-2020,53.0
SP,27-03-2020,51.4
SP,28-03-2020,54.9
SP,29-03-2020,62.1
SP,30-03-2020,50.1
SP,02-04-2020,49.4
SP,31-03-2020,49.3
SP,01-04-2020,46.8
SP,13-04-2020,47.3
SP,03-04-2020,48.8
SP,04-04-2020,51.4
SP,05-04-2020,57.9
SP,06-04-2020,48.2
SP,07-04-2020,47.0
SP,08-04-2020,46.1
SP,09-04-2020,45.1
SP,10-04-2020,55.0
SP,11-04-2020,49.4
SP,12-04-2020,55.0
SP,14-04-2020,47.4
SP,15-04-2020,46.3
SP,16-04-2020,43.2
SP,17-04-2020,43.8
SP,18-04-2020,47.7
SP,19-04-2020,55.2
SP,20-04-2020,46.8
SP,21-04-2020,52.7
SP,22-04-2020,43.5
SP,23-04-2020,44.0
SP,24-04-2020,42.4
SP,27-04-2020,44.5
SP,25-04-2020,46.7
SP,26-04-2020,53.5
SP,29-04-2020,42.8
SP,28-04-2020,43.7
SP,30-04-2020,41.4
SP,01-05-2020,50.4
SP,02-05-2020,45.7
SP,03-05-2020,51.1
SP,04-05-2020,43.6
RJ,01-02-2020,32.3
RJ,02-02-2020,39.0
RJ,03-02-2020,27.5
RJ,04-02-2020,28.5
RJ,05-02-2020,29.2
RJ,08-02-2020,28.7
RJ,06-02-2020,28.0
RJ,07-02-2020,24.7
RJ,09-02-2020,36.9
RJ,10-02-2020,23.8
RJ,11-02-2020,27.4
RJ,12-02-2020,26.4
RJ,13-02-2020,27.4
RJ,14-02-2020,25.7
RJ,15-02-2020,32.8
RJ,16-02-2020,40.2
RJ,17-02-2020,25.2
RJ,18-02-2020,28.1
RJ,19-02-2020,29.2
RJ,20-02-2020,26.4
RJ,21-02-2020,27.6
RJ,22-02-2020,35.6
RJ,23-02-2020,43.2
RJ,24-02-2020,39.6
RJ,25-02-2020,45.3
RJ,26-02-2020,39.1
RJ,27-02-2020,31.7
RJ,28-02-2020,30.6
RJ,29-02-2020,34.2
RJ,01-03-2020,48.2
RJ,02-03-2020,31.7
RJ,03-03-2020,30.5
RJ,04-03-2020,32.0
RJ,05-03-2020,31.2
RJ,06-03-2020,29.2
RJ,07-03-2020,32.6
RJ,08-03-2020,41.1
RJ,09-03-2020,30.4
RJ,10-03-2020,30.7
RJ,11-03-2020,29.3
RJ,12-03-2020,30.5
RJ,13-03-2020,30.7
RJ,14-03-2020,37.3
RJ,15-03-2020,43.8
RJ,16-03-2020,35.9
RJ,18-03-2020,40.8
RJ,20-03-2020,44.1
RJ,19-03-2020,43.1
RJ,21-03-2020,56.8
RJ,22-03-2020,64.1
RJ,23-03-2020,53.4
RJ,25-03-2020,55.5
RJ,24-03-2020,56.2
RJ,26-03-2020,54.8
RJ,27-03-2020,53.0
RJ,28-03-2020,55.3
RJ,29-03-2020,60.4
RJ,30-03-2020,51.7
RJ,31-03-2020,51.0
RJ,01-04-2020,48.7
RJ,02-04-2020,50.9
RJ,03-04-2020,50.3
RJ,04-04-2020,52.5
RJ,05-04-2020,59.0
RJ,06-04-2020,49.8
RJ,07-04-2020,48.9
RJ,08-04-2020,50.0
RJ,09-04-2020,47.8
RJ,10-04-2020,55.0
RJ,11-04-2020,51.8
RJ,12-04-2020,56.4
RJ,13-04-2020,49.3
RJ,14-04-2020,49.1
RJ,15-04-2020,48.8
RJ,16-04-2020,46.5
RJ,17-04-2020,47.7
RJ,18-04-2020,50.2
RJ,19-04-2020,57.1
RJ,20-04-2020,48.0
RJ,23-04-2020,53.2
RJ,21-04-2020,54.6
RJ,22-04-2020,46.4
RJ,24-04-2020,46.1
RJ,26-04-2020,56.8
RJ,27-04-2020,48.0
RJ,29-04-2020,47.2
RJ,28-04-2020,48.2
RJ,01-05-2020,53.6
RJ,30-04-2020,45.7
RJ,03-05-2020,56.0
RJ,02-05-2020,48.7
RJ,04-05-2020,47.2
ES,01-02-2020,31.0
ES,02-02-2020,37.7
ES,03-02-2020,25.9
ES,05-02-2020,26.4
ES,04-02-2020,26.4
ES,07-02-2020,23.5
ES,08-02-2020,28.3
ES,06-02-2020,26.0
ES,09-02-2020,37.3
ES,10-02-2020,22.9
ES,11-02-2020,24.5
ES,12-02-2020,24.0
ES,13-02-2020,25.6
ES,14-02-2020,24.8
ES,15-02-2020,32.8
ES,16-02-2020,40.3
ES,18-02-2020,26.7
ES,17-02-2020,24.1
ES,19-02-2020,28.0
ES,20-02-2020,24.9
ES,21-02-2020,24.7
ES,22-02-2020,33.1
ES,23-02-2020,43.8
ES,24-02-2020,38.7
ES,25-02-2020,43.0
ES,26-02-2020,34.4
ES,28-02-2020,28.2
ES,27-02-2020,27.4
ES,29-02-2020,32.0
ES,01-03-2020,43.4
ES,02-03-2020,28.3
ES,03-03-2020,28.4
ES,04-03-2020,30.4
ES,05-03-2020,30.5
ES,06-03-2020,28.5
ES,07-03-2020,33.6
ES,08-03-2020,43.6
ES,09-03-2020,28.9
ES,10-03-2020,29.6
ES,11-03-2020,28.3
ES,12-03-2020,30.0
ES,13-03-2020,29.7
ES,14-03-2020,35.7
ES,15-03-2020,43.3
ES,16-03-2020,31.0
ES,17-03-2020,32.2
ES,18-03-2020,35.0
ES,20-03-2020,39.4
ES,19-03-2020,37.6
ES,21-03-2020,53.0
ES,23-03-2020,52.1
ES,22-03-2020,64.7
ES,24-03-2020,53.1
ES,25-03-2020,52.0
ES,26-03-2020,51.7
ES,27-03-2020,49.3
ES,28-03-2020,52.6
ES,29-03-2020,58.7
ES,30-03-2020,47.5
ES,01-04-2020,45.2
ES,03-04-2020,46.0
ES,02-04-2020,46.8
ES,04-04-2020,49.6
ES,05-04-2020,57.5
ES,06-04-2020,44.9
ES,07-04-2020,43.5
ES,08-04-2020,43.4
ES,09-04-2020,43.4
ES,10-04-2020,52.9
ES,11-04-2020,46.0
ES,13-04-2020,44.0
ES,12-04-2020,54.9
ES,14-04-2020,43.5
ES,15-04-2020,43.4
ES,16-04-2020,40.8
ES,17-04-2020,41.0
ES,18-04-2020,45.3
ES,19-04-2020,54.3
ES,20-04-2020,50.0
ES,22-04-2020,40.5
ES,21-04-2020,52.1
ES,23-04-2020,41.7
ES,24-04-2020,40.2
ES,25-04-2020,45.2
ES,26-04-2020,53.3
ES,27-04-2020,42.5
ES,28-04-2020,41.9
ES,29-04-2020,40.9
ES,30-04-2020,38.9
ES,01-05-2020,50.7
ES,02-05-2020,42.2
ES,04-05-2020,41.2
ES,03-05-2020,50.4
MG,01-02-2020,31.1
MG,02-02-2020,37.2
MG,03-02-2020,25.9
MG,04-02-2020,26.7
MG,05-02-2020,27.9
MG,06-02-2020,26.8
MG,07-02-2020,23.7
MG,08-02-2020,27.8
MG,09-02-2020,36.7
MG,10-02-2020,22.5
MG,11-02-2020,24.2
MG,13-02-2020,25.6
MG,12-02-2020,24.5
MG,14-02-2020,24.5
MG,15-02-2020,31.6
MG,16-02-2020,38.9
MG,18-02-2020,26.5
MG,17-02-2020,24.0
MG,19-02-2020,27.8
MG,20-02-2020,24.9
MG,21-02-2020,24.7
MG,22-02-2020,32.4
MG,23-02-2020,40.7
MG,26-02-2020,34.2
MG,24-02-2020,38.1
MG,25-02-2020,42.9
MG,27-02-2020,27.0
MG,28-02-2020,26.4
MG,29-02-2020,32.0
MG,01-03-2020,41.6
MG,03-03-2020,28.8
MG,02-03-2020,28.3
MG,04-03-2020,30.3
MG,05-03-2020,29.9
MG,06-03-2020,27.6
MG,07-03-2020,32.1
MG,08-03-2020,40.6
MG,10-03-2020,29.1
MG,09-03-2020,28.6
MG,11-03-2020,27.6
MG,12-03-2020,29.1
MG,13-03-2020,29.0
MG,14-03-2020,34.6
MG,15-03-2020,41.0
MG,16-03-2020,30.3
MG,17-03-2020,30.8
MG,18-03-2020,34.5
MG,20-03-2020,38.9
MG,19-03-2020,36.8
MG,21-03-2020,50.9
MG,22-03-2020,62.1
MG,25-03-2020,51.4
MG,24-03-2020,51.7
MG,23-03-2020,50.1
MG,26-03-2020,50.8
MG,27-03-2020,49.2
MG,28-03-2020,52.4
MG,29-03-2020,58.0
MG,30-03-2020,47.0
MG,31-03-2020,46.5
MG,01-04-2020,44.4
MG,02-04-2020,46.5
MG,03-04-2020,45.6
MG,04-04-2020,48.5
MG,05-04-2020,55.2
MG,06-04-2020,44.5
MG,07-04-2020,43.7
MG,08-04-2020,43.1
MG,09-04-2020,42.5
MG,10-04-2020,54.9
MG,11-04-2020,45.9
MG,12-04-2020,51.9
MG,13-04-2020,43.4
MG,14-04-2020,43.5
MG,15-04-2020,43.4
MG,16-04-2020,40.8
MG,17-04-2020,40.3
MG,18-04-2020,44.7
MG,19-04-2020,52.9
MG,20-04-2020,42.9
MG,21-04-2020,50.2
MG,22-04-2020,40.8
MG,24-04-2020,39.9
MG,25-04-2020,44.1
MG,23-04-2020,41.6
MG,26-04-2020,51.1
MG,27-04-2020,41.3
MG,28-04-2020,41.0
MG,02-05-2020,42.5
MG,04-05-2020,40.4
MG,03-05-2020,48.1
MG,01-05-2020,48.2
MG,30-04-2020,38.6
GO,03-02-2020,24.9
GO,01-02-2020,30.2
GO,02-02-2020,36.0
GO,04-02-2020,26.1
GO,05-02-2020,26.3
GO,06-02-2020,25.6
GO,07-02-2020,23.5
GO,08-02-2020,29.0
GO,09-02-2020,36.9
GO,11-02-2020,23.5
GO,10-02-2020,22.7
GO,12-02-2020,23.8
GO,13-02-2020,24.9
GO,14-02-2020,24.1
GO,15-02-2020,30.9
GO,16-02-2020,38.1
GO,17-02-2020,23.9
GO,18-02-2020,26.3
GO,19-02-2020,27.8
GO,20-02-2020,24.5
GO,21-02-2020,24.5
GO,22-02-2020,31.5
GO,23-02-2020,39.8
GO,24-02-2020,37.1
GO,25-02-2020,41.9
GO,26-02-2020,32.2
GO,27-02-2020,26.2
GO,28-02-2020,25.6
GO,29-02-2020,31.0
GO,01-03-2020,39.4
GO,02-03-2020,27.0
GO,03-03-2020,28.1
GO,04-03-2020,29.3
GO,05-03-2020,29.5
GO,06-03-2020,27.8
GO,07-03-2020,30.5
GO,08-03-2020,39.0
GO,09-03-2020,28.5
GO,10-03-2020,29.0
GO,12-03-2020,29.2
GO,11-03-2020,27.7
GO,13-03-2020,29.1
GO,14-03-2020,33.9
GO,15-03-2020,40.1
GO,17-03-2020,32.0
GO,16-03-2020,31.6
GO,18-03-2020,34.5
GO,19-03-2020,37.8
GO,20-03-2020,40.6
GO,21-03-2020,51.2
GO,22-03-2020,60.6
GO,23-03-2020,50.3
GO,24-03-2020,51.7
GO,25-03-2020,52.3
GO,26-03-2020,50.9
GO,27-03-2020,49.4
GO,28-03-2020,52.1
GO,29-03-2020,55.4
GO,30-03-2020,45.7
GO,31-03-2020,45.4
GO,01-04-2020,43.3
GO,02-04-2020,45.5
GO,03-04-2020,44.5
GO,04-04-2020,46.7
GO,05-04-2020,52.7
GO,06-04-2020,43.7
GO,07-04-2020,42.0
GO,08-04-2020,41.1
GO,09-04-2020,41.1
GO,10-04-2020,50.4
GO,11-04-2020,44.2
GO,12-04-2020,49.6
GO,13-04-2020,42.0
GO,14-04-2020,43.0
GO,15-04-2020,41.9
GO,16-04-2020,40.4
GO,17-04-2020,39.6
GO,18-04-2020,44.1
GO,19-04-2020,50.8
GO,20-04-2020,41.2
GO,21-04-2020,48.3
GO,23-04-2020,39.2
GO,24-04-2020,37.6
GO,25-04-2020,41.2
GO,26-04-2020,47.7
GO,28-04-2020,38.5
GO,27-04-2020,38.9
GO,29-04-2020,37.5
GO,30-04-2020,36.7
GO,01-05-2020,44.9
GO,04-05-2020,38.3
GO,03-05-2020,45.1
GO,02-05-2020,40.0
DF,03-02-2020,25.9
DF,01-02-2020,31.1
DF,02-02-2020,36.6
DF,04-02-2020,26.7
DF,05-02-2020,26.5
DF,06-02-2020,26.3
DF,07-02-2020,23.7
DF,08-02-2020,29.0
DF,09-02-2020,37.8
DF,10-02-2020,22.6
DF,11-02-2020,23.6
DF,12-02-2020,23.3
DF,13-02-2020,24.9
DF,14-02-2020,24.1
DF,15-02-2020,31.6
DF,16-02-2020,38.5
DF,19-02-2020,27.8
DF,17-02-2020,24.0
DF,18-02-2020,26.2
DF,20-02-2020,24.5
DF,21-02-2020,24.4
DF,22-02-2020,32.2
DF,24-02-2020,39.9
DF,23-02-2020,41.2
DF,25-02-2020,44.3
DF,26-02-2020,34.7
DF,27-02-2020,26.2
DF,28-02-2020,25.7
DF,29-02-2020,31.8
DF,01-03-2020,40.9
DF,02-03-2020,27.4
DF,03-03-2020,28.1
DF,04-03-2020,29.3
DF,05-03-2020,29.6
DF,06-03-2020,29.0
DF,07-03-2020,31.8
DF,08-03-2020,39.8
DF,09-03-2020,28.9
DF,10-03-2020,28.8
DF,11-03-2020,27.7
DF,12-03-2020,32.2
DF,13-03-2020,31.9
DF,14-03-2020,36.5
DF,15-03-2020,42.6
DF,16-03-2020,34.3
DF,17-03-2020,34.3
DF,18-03-2020,36.7
DF,20-03-2020,44.3
DF,21-03-2020,56.7
DF,22-03-2020,65.6
DF,23-03-2020,55.9
DF,26-03-2020,56.1
DF,24-03-2020,56.6
DF,28-03-2020,57.0
DF,25-03-2020,57.1
DF,27-03-2020,53.4
DF,29-03-2020,59.9
DF,30-03-2020,50.3
DF,01-04-2020,47.3
DF,02-04-2020,49.8
DF,03-04-2020,48.7
DF,04-04-2020,51.0
DF,06-04-2020,48.9
DF,05-04-2020,57.7
DF,07-04-2020,47.2
DF,08-04-2020,46.4
DF,09-04-2020,44.7
DF,10-04-2020,54.8
DF,11-04-2020,47.6
DF,12-04-2020,53.7
DF,15-04-2020,47.5
DF,14-04-2020,46.8
DF,13-04-2020,46.9
DF,16-04-2020,45.7
DF,17-04-2020,43.5
DF,18-04-2020,47.8
DF,19-04-2020,54.2
DF,20-04-2020,46.3
DF,21-04-2020,53.6
DF,22-04-2020,45.0
DF,23-04-2020,45.8
DF,25-04-2020,46.1
DF,24-04-2020,43.3
DF,26-04-2020,52.8
DF,27-04-2020,44.5
DF,28-04-2020,44.1
DF,29-04-2020,43.0
DF,30-04-2020,42.1
DF,01-05-2020,49.3
DF,02-05-2020,44.4
DF,03-05-2020,49.6
DF,04-05-2020,43.7
TO,01-02-2020,29.3
TO,02-02-2020,36.3
TO,03-02-2020,23.6
TO,04-02-2020,24.9
TO,05-02-2020,24.6
TO,06-02-2020,23.5
TO,07-02-2020,22.1
TO,08-02-2020,27.7
TO,09-02-2020,35.3
TO,10-02-2020,20.0
TO,11-02-2020,21.6
TO,12-02-2020,21.8
TO,13-02-2020,23.1
TO,14-02-2020,22.4
TO,15-02-2020,29.9
TO,16-02-2020,36.9
TO,17-02-2020,22.1
TO,18-02-2020,24.6
TO,19-02-2020,26.8
TO,20-02-2020,23.8
TO,21-02-2020,23.2
TO,22-02-2020,30.1
TO,23-02-2020,37.8
TO,24-02-2020,32.6
TO,25-02-2020,39.1
TO,26-02-2020,29.7
TO,27-02-2020,24.6
TO,28-02-2020,24.0
TO,29-02-2020,29.1
TO,01-03-2020,38.3
TO,02-03-2020,24.5
TO,03-03-2020,26.5
TO,04-03-2020,27.5
TO,05-03-2020,26.9
TO,06-03-2020,25.3
TO,07-03-2020,29.5
TO,08-03-2020,38.7
TO,09-03-2020,26.5
TO,10-03-2020,27.4
TO,11-03-2020,25.7
TO,12-03-2020,27.1
TO,13-03-2020,27.3
TO,15-03-2020,40.0
TO,14-03-2020,33.8
TO,16-03-2020,29.7
TO,17-03-2020,30.1
TO,18-03-2020,31.7
TO,19-03-2020,40.4
TO,20-03-2020,38.7
TO,21-03-2020,47.7
TO,22-03-2020,57.4
TO,23-03-2020,45.4
TO,24-03-2020,48.7
TO,25-03-2020,47.1
TO,26-03-2020,47.1
TO,27-03-2020,45.1
TO,28-03-2020,48.6
TO,29-03-2020,52.7
TO,30-03-2020,41.4
TO,31-03-2020,40.7
TO,01-04-2020,39.2
TO,02-04-2020,40.7
TO,03-04-2020,39.5
TO,04-04-2020,42.6
TO,05-04-2020,49.9
TO,06-04-2020,38.9
TO,07-04-2020,38.3
TO,08-04-2020,37.9
TO,09-04-2020,37.7
TO,10-04-2020,49.2
TO,11-04-2020,41.4
TO,12-04-2020,47.4
TO,13-04-2020,37.8
TO,14-04-2020,38.4
TO,15-04-2020,38.2
TO,16-04-2020,35.8
TO,17-04-2020,35.1
TO,18-04-2020,39.7
TO,19-04-2020,47.8
TO,20-04-2020,37.9
TO,21-04-2020,48.9
TO,22-04-2020,36.0
TO,24-04-2020,34.8
TO,23-04-2020,37.1
TO,27-04-2020,36.5
TO,25-04-2020,40.0
TO,26-04-2020,46.3
TO,28-04-2020,36.1
TO,30-04-2020,35.8
TO,29-04-2020,35.8
TO,01-05-2020,45.0
TO,02-05-2020,39.4
TO,03-05-2020,45.1
TO,04-05-2020,37.0
MA,01-02-2020,32.1
MA,02-02-2020,37.2
MA,03-02-2020,25.8
MA,04-02-2020,27.9
MA,05-02-2020,28.8
MA,06-02-2020,26.1
MA,07-02-2020,22.7
MA,08-02-2020,27.7
MA,10-02-2020,22.5
MA,09-02-2020,35.7
MA,11-02-2020,24.3
MA,12-02-2020,24.2
MA,13-02-2020,25.6
MA,14-02-2020,24.1
MA,15-02-2020,33.1
MA,16-02-2020,37.9
MA,17-02-2020,24.3
MA,18-02-2020,27.5
MA,20-02-2020,25.4
MA,19-02-2020,29.5
MA,21-02-2020,25.4
MA,22-02-2020,31.1
MA,23-02-2020,39.0
MA,24-02-2020,35.3
MA,25-02-2020,41.0
MA,26-02-2020,35.6
MA,27-02-2020,27.8
MA,28-02-2020,27.6
MA,29-02-2020,30.2
MA,01-03-2020,41.2
MA,02-03-2020,27.5
MA,03-03-2020,30.8
MA,04-03-2020,30.6
MA,05-03-2020,30.6
MA,06-03-2020,28.7
MA,07-03-2020,31.2
MA,08-03-2020,40.4
MA,10-03-2020,31.2
MA,09-03-2020,31.7
MA,11-03-2020,29.4
MA,12-03-2020,31.3
MA,13-03-2020,32.2
MA,14-03-2020,36.5
MA,15-03-2020,42.1
MA,16-03-2020,32.4
MA,17-03-2020,32.7
MA,18-03-2020,35.2
MA,19-03-2020,36.9
MA,20-03-2020,37.9
MA,21-03-2020,45.6
MA,25-03-2020,51.6
MA,22-03-2020,54.8
MA,24-03-2020,50.5
MA,23-03-2020,48.3
MA,27-03-2020,49.0
MA,26-03-2020,50.0
MA,28-03-2020,49.6
MA,29-03-2020,54.0
MA,30-03-2020,46.3
MA,31-03-2020,46.2
MA,01-04-2020,43.3
MA,02-04-2020,45.6
MA,04-04-2020,46.5
MA,03-04-2020,44.4
MA,05-04-2020,52.2
MA,06-04-2020,44.9
MA,07-04-2020,43.2
MA,08-04-2020,43.3
MA,09-04-2020,42.6
MA,10-04-2020,53.0
MA,11-04-2020,45.0
MA,12-04-2020,51.6
MA,13-04-2020,44.8
MA,14-04-2020,45.4
MA,15-04-2020,43.9
MA,17-04-2020,42.3
MA,16-04-2020,41.7
MA,18-04-2020,44.1
MA,19-04-2020,51.8
MA,22-04-2020,43.6
MA,21-04-2020,52.3
MA,20-04-2020,44.2
MA,23-04-2020,43.6
MA,24-04-2020,42.5
MA,27-04-2020,44.9
MA,25-04-2020,45.3
MA,26-04-2020,51.7
MA,28-04-2020,44.1
MA,29-04-2020,42.7
MA,30-04-2020,42.9
MA,01-05-2020,50.0
MA,02-05-2020,42.9
MA,03-05-2020,48.2
MA,04-05-2020,44.0
PI,01-02-2020,30.5
PI,02-02-2020,36.1
PI,03-02-2020,25.0
PI,04-02-2020,26.4
PI,05-02-2020,26.9
PI,06-02-2020,24.9
PI,07-02-2020,20.9
PI,08-02-2020,25.6
PI,09-02-2020,34.3
PI,10-02-2020,20.9
PI,11-02-2020,23.1
PI,12-02-2020,23.6
PI,13-02-2020,24.1
PI,14-02-2020,22.6
PI,15-02-2020,30.1
PI,16-02-2020,36.3
PI,17-02-2020,22.8
PI,18-02-2020,26.0
PI,19-02-2020,28.2
PI,20-02-2020,23.7
PI,21-02-2020,23.4
PI,22-02-2020,29.8
PI,25-02-2020,40.4
PI,23-02-2020,37.8
PI,24-02-2020,34.4
PI,26-02-2020,33.4
PI,27-02-2020,26.5
PI,29-02-2020,27.6
PI,28-02-2020,25.3
PI,01-03-2020,38.9
PI,02-03-2020,25.5
PI,06-03-2020,26.1
PI,03-03-2020,28.0
PI,04-03-2020,28.6
PI,05-03-2020,28.0
PI,07-03-2020,29.0
PI,08-03-2020,38.4
PI,09-03-2020,27.8
PI,10-03-2020,29.4
PI,11-03-2020,28.2
PI,12-03-2020,30.1
PI,13-03-2020,30.3
PI,14-03-2020,33.9
PI,15-03-2020,40.0
PI,16-03-2020,31.0
PI,18-03-2020,34.7
PI,17-03-2020,32.2
PI,19-03-2020,36.7
PI,20-03-2020,39.4
PI,21-03-2020,49.2
PI,22-03-2020,58.9
PI,23-03-2020,53.2
PI,24-03-2020,54.1
PI,25-03-2020,54.9
PI,26-03-2020,53.8
PI,27-03-2020,52.7
PI,28-03-2020,52.3
PI,29-03-2020,56.1
PI,30-03-2020,49.2
PI,31-03-2020,48.1
PI,01-04-2020,45.8
PI,02-04-2020,48.2
PI,03-04-2020,46.8
PI,04-04-2020,48.1
PI,05-04-2020,54.0
PI,06-04-2020,46.9
PI,07-04-2020,45.5
PI,08-04-2020,43.1
PI,09-04-2020,44.5
PI,12-04-2020,51.8
PI,10-04-2020,55.4
PI,11-04-2020,46.4
PI,13-04-2020,45.8
PI,14-04-2020,44.9
PI,15-04-2020,45.3
PI,16-04-2020,41.6
PI,17-04-2020,43.3
PI,18-04-2020,43.1
PI,19-04-2020,51.0
PI,20-04-2020,44.2
PI,21-04-2020,51.8
PI,22-04-2020,42.9
PI,24-04-2020,41.1
PI,23-04-2020,41.9
PI,25-04-2020,43.5
PI,01-05-2020,46.2
PI,26-04-2020,48.7
PI,27-04-2020,44.3
PI,28-04-2020,43.4
PI,30-04-2020,42.2
PI,29-04-2020,41.9
PI,02-05-2020,40.8
PI,04-05-2020,43.4
PI,03-05-2020,46.4
BA,01-02-2020,30.6
BA,02-02-2020,37.0
BA,03-02-2020,25.0
BA,04-02-2020,25.6
BA,05-02-2020,25.9
BA,06-02-2020,24.9
BA,07-02-2020,21.6
BA,08-02-2020,26.6
BA,09-02-2020,35.7
BA,10-02-2020,21.6
BA,11-02-2020,23.1
BA,12-02-2020,23.4
BA,13-02-2020,24.4
BA,14-02-2020,22.9
BA,15-02-2020,30.6
BA,16-02-2020,37.8
BA,17-02-2020,23.2
BA,18-02-2020,26.7
BA,19-02-2020,28.9
BA,20-02-2020,25.1
BA,21-02-2020,24.6
BA,22-02-2020,30.8
BA,23-02-2020,38.9
BA,26-02-2020,33.2
BA,24-02-2020,35.6
BA,25-02-2020,40.2
BA,27-02-2020,26.5
BA,28-02-2020,25.6
BA,29-02-2020,28.9
BA,01-03-2020,39.8
BA,02-03-2020,25.8
BA,03-03-2020,27.8
BA,04-03-2020,28.7
BA,05-03-2020,28.3
BA,06-03-2020,27.1
BA,07-03-2020,30.7
BA,08-03-2020,41.3
BA,09-03-2020,28.3
BA,10-03-2020,29.5
BA,11-03-2020,27.8
BA,12-03-2020,30.0
BA,13-03-2020,29.5
BA,14-03-2020,34.1
BA,15-03-2020,41.2
BA,16-03-2020,30.0
BA,17-03-2020,31.1
BA,19-03-2020,37.6
BA,18-03-2020,35.1
BA,20-03-2020,38.4
BA,21-03-2020,48.4
BA,22-03-2020,58.3
BA,23-03-2020,50.4
BA,24-03-2020,51.6
BA,25-03-2020,51.9
BA,26-03-2020,52.1
BA,27-03-2020,49.8
BA,28-03-2020,51.7
BA,29-03-2020,57.3
BA,30-03-2020,46.5
BA,31-03-2020,46.1
BA,01-04-2020,44.0
BA,02-04-2020,46.5
BA,03-04-2020,44.7
BA,04-04-2020,47.2
BA,05-04-2020,54.6
BA,06-04-2020,47.3
BA,07-04-2020,44.0
BA,08-04-2020,41.6
BA,09-04-2020,41.5
BA,10-04-2020,50.6
BA,11-04-2020,46.4
BA,12-04-2020,53.1
BA,14-04-2020,43.4
BA,13-04-2020,45.7
BA,15-04-2020,43.9
BA,16-04-2020,40.0
BA,17-04-2020,40.1
BA,18-04-2020,43.7
BA,19-04-2020,53.1
BA,20-04-2020,44.1
BA,21-04-2020,52.4
BA,22-04-2020,42.0
BA,23-04-2020,43.8
BA,24-04-2020,40.6
BA,25-04-2020,43.2
BA,26-04-2020,51.6
BA,27-04-2020,43.4
BA,28-04-2020,41.6
BA,30-04-2020,39.6
BA,29-04-2020,40.8
BA,01-05-2020,46.1
BA,04-05-2020,41.6
BA,03-05-2020,46.3
BA,02-05-2020,39.8
CE,01-02-2020,32.6
CE,02-02-2020,38.6
CE,03-02-2020,26.2
CE,04-02-2020,28.3
CE,05-02-2020,28.5
CE,06-02-2020,26.8
CE,07-02-2020,23.1
CE,10-02-2020,23.1
CE,08-02-2020,28.2
CE,09-02-2020,37.0
CE,11-02-2020,24.9
CE,12-02-2020,25.0
CE,14-02-2020,24.7
CE,13-02-2020,26.8
CE,15-02-2020,32.9
CE,16-02-2020,39.7
CE,18-02-2020,28.2
CE,17-02-2020,25.3
CE,19-02-2020,30.3
CE,20-02-2020,26.3
CE,21-02-2020,25.5
CE,22-02-2020,34.2
CE,23-02-2020,42.8
CE,25-02-2020,44.6
CE,24-02-2020,39.6
CE,26-02-2020,37.1
CE,27-02-2020,28.6
CE,28-02-2020,27.9
CE,29-02-2020,31.3
CE,02-03-2020,28.8
CE,01-03-2020,43.0
CE,03-03-2020,30.6
CE,04-03-2020,32.6
CE,05-03-2020,31.7
CE,06-03-2020,29.8
CE,07-03-2020,33.1
CE,08-03-2020,41.9
CE,10-03-2020,32.4
CE,09-03-2020,31.1
CE,12-03-2020,33.3
CE,11-03-2020,31.0
CE,13-03-2020,33.6
CE,14-03-2020,37.9
CE,15-03-2020,44.6
CE,16-03-2020,33.0
CE,17-03-2020,34.0
CE,18-03-2020,37.6
CE,19-03-2020,47.8
CE,20-03-2020,43.8
CE,21-03-2020,55.8
CE,22-03-2020,63.0
CE,23-03-2020,55.9
CE,24-03-2020,56.4
CE,25-03-2020,59.5
CE,26-03-2020,54.9
CE,27-03-2020,54.3
CE,28-03-2020,55.1
CE,29-03-2020,59.3
CE,30-03-2020,51.3
CE,31-03-2020,51.2
CE,01-04-2020,47.5
CE,02-04-2020,50.3
CE,03-04-2020,49.3
CE,04-04-2020,51.6
CE,05-04-2020,57.2
CE,06-04-2020,49.0
CE,07-04-2020,48.4
CE,09-04-2020,47.3
CE,08-04-2020,47.0
CE,10-04-2020,54.5
CE,11-04-2020,50.0
CE,12-04-2020,55.7
CE,13-04-2020,48.8
CE,14-04-2020,48.1
CE,15-04-2020,49.1
CE,16-04-2020,44.9
CE,17-04-2020,46.0
CE,18-04-2020,48.0
CE,19-04-2020,55.2
CE,20-04-2020,47.4
CE,21-04-2020,54.7
CE,22-04-2020,47.1
CE,23-04-2020,46.7
CE,24-04-2020,45.7
CE,25-04-2020,48.6
CE,26-04-2020,54.3
CE,27-04-2020,47.5
CE,28-04-2020,46.4
CE,29-04-2020,44.8
CE,30-04-2020,44.6
CE,01-05-2020,49.8
CE,02-05-2020,45.6
CE,03-05-2020,50.7
CE,04-05-2020,46.8
RN,01-02-2020,30.9
RN,02-02-2020,36.9
RN,03-02-2020,25.0
RN,04-02-2020,25.7
RN,05-02-2020,26.2
RN,06-02-2020,24.9
RN,07-02-2020,21.4
RN,08-02-2020,26.4
RN,11-02-2020,23.1
RN,09-02-2020,35.1
RN,10-02-2020,21.4
RN,13-02-2020,26.2
RN,14-02-2020,22.9
RN,12-02-2020,23.6
RN,15-02-2020,30.1
RN,16-02-2020,37.3
RN,17-02-2020,22.5
RN,18-02-2020,25.8
RN,19-02-2020,28.7
RN,20-02-2020,24.1
RN,21-02-2020,22.7
RN,22-02-2020,29.9
RN,23-02-2020,38.2
RN,24-02-2020,37.0
RN,25-02-2020,39.2
RN,26-02-2020,33.6
RN,27-02-2020,26.3
RN,28-02-2020,25.3
RN,29-02-2020,28.5
RN,01-03-2020,41.0
RN,03-03-2020,27.6
RN,02-03-2020,25.5
RN,04-03-2020,28.5
RN,05-03-2020,28.1
RN,06-03-2020,26.9
RN,07-03-2020,29.5
RN,08-03-2020,39.5
RN,10-03-2020,29.1
RN,09-03-2020,27.9
RN,11-03-2020,27.9
RN,13-03-2020,31.3
RN,12-03-2020,31.5
RN,16-03-2020,29.9
RN,14-03-2020,34.6
RN,15-03-2020,41.1
RN,17-03-2020,29.8
RN,18-03-2020,34.8
RN,20-03-2020,36.9
RN,21-03-2020,46.1
RN,22-03-2020,57.7
RN,23-03-2020,49.4
RN,24-03-2020,49.9
RN,25-03-2020,50.5
RN,26-03-2020,49.7
RN,28-03-2020,49.5
RN,27-03-2020,48.0
RN,29-03-2020,56.6
RN,30-03-2020,46.8
RN,31-03-2020,45.4
RN,01-04-2020,43.0
RN,02-04-2020,45.9
RN,03-04-2020,43.8
RN,04-04-2020,46.2
RN,05-04-2020,54.0
RN,07-04-2020,43.9
RN,06-04-2020,44.6
RN,08-04-2020,41.5
RN,09-04-2020,41.3
RN,10-04-2020,50.7
RN,11-04-2020,43.6
RN,12-04-2020,51.3
RN,14-04-2020,43.2
RN,13-04-2020,43.3
RN,15-04-2020,46.0
RN,16-04-2020,41.2
RN,17-04-2020,39.1
RN,18-04-2020,41.9
RN,19-04-2020,50.9
RN,20-04-2020,42.0
RN,21-04-2020,52.1
RN,23-04-2020,40.0
RN,22-04-2020,41.2
RN,24-04-2020,38.9
RN,25-04-2020,41.8
RN,26-04-2020,49.0
RN,28-04-2020,41.1
RN,27-04-2020,41.3
RN,30-04-2020,38.6
RN,29-04-2020,39.8
RN,01-05-2020,45.9
RN,02-05-2020,38.3
RN,03-05-2020,45.0
RN,04-05-2020,42.9
PB,01-02-2020,31.5
PB,02-02-2020,36.3
PB,03-02-2020,25.5
PB,04-02-2020,26.4
PB,05-02-2020,26.4
PB,06-02-2020,25.2
PB,07-02-2020,21.9
PB,10-02-2020,21.9
PB,08-02-2020,26.5
PB,09-02-2020,34.4
PB,11-02-2020,23.5
PB,12-02-2020,23.7
PB,14-02-2020,23.2
PB,13-02-2020,25.7
PB,15-02-2020,30.4
PB,16-02-2020,36.8
PB,17-02-2020,23.4
PB,18-02-2020,26.7
PB,19-02-2020,28.5
PB,20-02-2020,25.0
PB,21-02-2020,23.9
PB,22-02-2020,30.3
PB,24-02-2020,35.7
PB,23-02-2020,38.6
PB,26-02-2020,33.9
PB,25-02-2020,40.2
PB,27-02-2020,26.5
PB,28-02-2020,25.6
PB,29-02-2020,28.4
PB,01-03-2020,39.5
PB,03-03-2020,28.1
PB,02-03-2020,26.2
PB,05-03-2020,28.9
PB,04-03-2020,29.2
PB,06-03-2020,27.2
PB,07-03-2020,29.5
PB,08-03-2020,38.4
PB,09-03-2020,28.8
PB,10-03-2020,29.7
PB,11-03-2020,28.4
PB,12-03-2020,30.9
PB,13-03-2020,30.3
PB,16-03-2020,30.5
PB,14-03-2020,34.8
PB,15-03-2020,40.5
PB,17-03-2020,30.6
PB,18-03-2020,34.7
PB,19-03-2020,36.9
PB,20-03-2020,38.0
PB,21-03-2020,47.3
PB,22-03-2020,58.5
PB,23-03-2020,52.7
PB,24-03-2020,52.7
PB,26-03-2020,51.9
PB,25-03-2020,53.2
PB,28-03-2020,50.5
PB,27-03-2020,50.8
PB,29-03-2020,55.9
PB,30-03-2020,48.8
PB,01-04-2020,44.7
PB,02-04-2020,46.9
PB,04-04-2020,46.9
PB,03-04-2020,45.2
PB,05-04-2020,53.0
PB,07-04-2020,44.9
PB,06-04-2020,46.0
PB,08-04-2020,43.2
PB,09-04-2020,43.1
PB,10-04-2020,51.2
PB,11-04-2020,43.7
PB,12-04-2020,50.1
PB,13-04-2020,44.6
PB,14-04-2020,44.4
PB,16-04-2020,42.0
PB,15-04-2020,45.4
PB,17-04-2020,40.4
PB,18-04-2020,42.3
PB,19-04-2020,51.0
PB,20-04-2020,43.3
PB,21-04-2020,51.2
PB,22-04-2020,42.6
PB,23-04-2020,41.6
PB,25-04-2020,42.6
PB,24-04-2020,40.4
PB,26-04-2020,48.7
PB,27-04-2020,44.6
PB,28-04-2020,42.0
PB,29-04-2020,40.9
PB,02-05-2020,40.0
PB,30-04-2020,40.9
PB,03-05-2020,46.0
PB,04-05-2020,42.4
PB,01-05-2020,44.9
PE,01-02-2020,32.2
PE,02-02-2020,38.8
PE,03-02-2020,25.4
PE,04-02-2020,25.0
PE,05-02-2020,26.2
PE,06-02-2020,25.2
PE,07-02-2020,22.2
PE,08-02-2020,27.8
PE,09-02-2020,37.7
PE,10-02-2020,22.2
PE,11-02-2020,23.5
PE,12-02-2020,23.5
PE,13-02-2020,25.3
PE,14-02-2020,23.5
PE,17-02-2020,23.7
PE,15-02-2020,32.0
PE,16-02-2020,40.0
PE,18-02-2020,26.5
PE,19-02-2020,27.9
PE,20-02-2020,24.9
PE,21-02-2020,24.2
PE,22-02-2020,34.3
PE,23-02-2020,41.9
PE,24-02-2020,38.3
PE,25-02-2020,42.7
PE,27-02-2020,27.2
PE,26-02-2020,36.2
PE,28-02-2020,26.4
PE,29-02-2020,30.8
PE,02-03-2020,26.5
PE,01-03-2020,42.2
PE,03-03-2020,28.0
PE,04-03-2020,29.6
PE,05-03-2020,28.7
PE,06-03-2020,37.2
PE,07-03-2020,31.9
PE,09-03-2020,27.6
PE,08-03-2020,42.1
PE,10-03-2020,28.8
PE,12-03-2020,30.3
PE,11-03-2020,28.1
PE,13-03-2020,29.8
PE,14-03-2020,35.5
PE,15-03-2020,44.8
PE,16-03-2020,32.9
PE,17-03-2020,33.4
PE,18-03-2020,37.7
PE,19-03-2020,39.6
PE,20-03-2020,40.1
PE,21-03-2020,51.2
PE,22-03-2020,62.0
PE,24-03-2020,54.8
PE,23-03-2020,54.1
PE,25-03-2020,54.5
PE,26-03-2020,53.9
PE,27-03-2020,52.6
PE,28-03-2020,54.1
PE,29-03-2020,60.3
PE,30-03-2020,50.8
PE,31-03-2020,50.1
PE,01-04-2020,47.9
PE,03-04-2020,48.3
PE,02-04-2020,50.3
PE,04-04-2020,50.5
PE,08-04-2020,46.0
PE,05-04-2020,57.6
PE,06-04-2020,49.2
PE,07-04-2020,48.2
PE,09-04-2020,45.9
PE,10-04-2020,53.6
PE,11-04-2020,49.5
PE,12-04-2020,55.8
PE,13-04-2020,48.2
PE,14-04-2020,48.4
PE,15-04-2020,49.0
PE,16-04-2020,46.5
PE,17-04-2020,45.3
PE,18-04-2020,47.7
PE,19-04-2020,57.2
PE,20-04-2020,48.3
PE,21-04-2020,55.3
PE,23-04-2020,46.3
PE,24-04-2020,47.2
PE,25-04-2020,48.2
PE,26-04-2020,56.1
PE,27-04-2020,48.2
PE,28-04-2020,46.7
PE,30-04-2020,45.4
PE,01-05-2020,51.8
PE,02-05-2020,45.4
PE,03-05-2020,51.5
PE,04-05-2020,46.3
AL,01-02-2020,31.4
AL,02-02-2020,38.0
AL,03-02-2020,24.1
AL,04-02-2020,24.4
AL,05-02-2020,25.2
AL,06-02-2020,24.2
AL,07-02-2020,21.3
AL,08-02-2020,27.2
AL,09-02-2020,36.6
AL,10-02-2020,21.2
AL,11-02-2020,22.4
AL,13-02-2020,23.9
AL,12-02-2020,22.7
AL,14-02-2020,22.5
AL,15-02-2020,31.4
AL,16-02-2020,39.3
AL,17-02-2020,22.6
AL,18-02-2020,25.8
AL,20-02-2020,25.4
AL,19-02-2020,27.6
AL,21-02-2020,23.7
AL,22-02-2020,31.5
AL,24-02-2020,37.2
AL,23-02-2020,40.3
AL,26-02-2020,35.6
AL,25-02-2020,42.0
AL,28-02-2020,25.6
AL,27-02-2020,26.4
AL,29-02-2020,29.7
AL,01-03-2020,41.1
AL,02-03-2020,25.7
AL,03-03-2020,27.6
AL,04-03-2020,29.2
AL,05-03-2020,28.7
AL,06-03-2020,27.4
AL,07-03-2020,30.5
AL,08-03-2020,40.7
AL,09-03-2020,27.0
AL,10-03-2020,28.6
AL,12-03-2020,29.7
AL,11-03-2020,27.5
AL,14-03-2020,35.4
AL,13-03-2020,29.5
AL,16-03-2020,30.6
AL,15-03-2020,42.8
AL,17-03-2020,30.6
AL,18-03-2020,35.3
AL,19-03-2020,35.2
AL,20-03-2020,35.9
AL,21-03-2020,49.7
AL,22-03-2020,58.7
AL,23-03-2020,52.1
AL,24-03-2020,52.5
AL,26-03-2020,51.5
AL,25-03-2020,51.8
AL,27-03-2020,51.7
AL,28-03-2020,51.8
AL,29-03-2020,60.2
AL,30-03-2020,46.8
AL,31-03-2020,46.3
AL,01-04-2020,44.5
AL,03-04-2020,45.5
AL,02-04-2020,47.3
AL,04-04-2020,47.1
AL,05-04-2020,53.6
AL,06-04-2020,45.6
AL,07-04-2020,44.1
AL,09-04-2020,42.0
AL,08-04-2020,41.8
AL,11-04-2020,45.4
AL,10-04-2020,47.9
AL,12-04-2020,51.0
AL,13-04-2020,43.2
AL,14-04-2020,43.1
AL,15-04-2020,43.8
AL,16-04-2020,40.6
AL,17-04-2020,40.6
AL,18-04-2020,43.7
AL,19-04-2020,52.4
AL,22-04-2020,42.2
AL,20-04-2020,42.6
AL,21-04-2020,49.5
AL,23-04-2020,41.6
AL,24-04-2020,41.8
AL,26-04-2020,54.2
AL,25-04-2020,43.8
AL,29-04-2020,41.3
AL,28-04-2020,42.5
AL,27-04-2020,42.8
AL,30-04-2020,42.0
AL,01-05-2020,47.8
AL,02-05-2020,42.4
AL,03-05-2020,47.7
AL,04-05-2020,42.4
SE,01-02-2020,30.2
SE,02-02-2020,35.8
SE,03-02-2020,24.4
SE,04-02-2020,26.1
SE,05-02-2020,25.9
SE,06-02-2020,25.6
SE,07-02-2020,21.2
SE,08-02-2020,26.0
SE,09-02-2020,34.3
SE,11-02-2020,22.8
SE,10-02-2020,21.2
SE,12-02-2020,22.9
SE,13-02-2020,23.9
SE,14-02-2020,22.6
SE,17-02-2020,23.0
SE,15-02-2020,29.6
SE,16-02-2020,36.9
SE,18-02-2020,25.9
SE,19-02-2020,27.8
SE,20-02-2020,23.7
SE,21-02-2020,23.4
SE,22-02-2020,30.1
SE,23-02-2020,38.4
SE,24-02-2020,35.5
SE,25-02-2020,40.6
SE,26-02-2020,34.0
SE,27-02-2020,26.1
SE,28-02-2020,25.3
SE,29-02-2020,28.3
SE,01-03-2020,38.4
SE,03-03-2020,27.9
SE,02-03-2020,25.9
SE,05-03-2020,28.8
SE,04-03-2020,29.2
SE,06-03-2020,26.9
SE,07-03-2020,29.2
SE,08-03-2020,38.5
SE,09-03-2020,28.5
SE,10-03-2020,29.6
SE,13-03-2020,29.3
SE,11-03-2020,28.1
SE,12-03-2020,30.0
SE,16-03-2020,31.8
SE,14-03-2020,33.7
SE,15-03-2020,39.5
SE,17-03-2020,37.6
SE,18-03-2020,34.2
SE,19-03-2020,36.3
SE,20-03-2020,36.7
SE,21-03-2020,46.1
SE,22-03-2020,55.4
SE,24-03-2020,50.1
SE,23-03-2020,50.2
SE,27-03-2020,47.7
SE,25-03-2020,50.3
SE,26-03-2020,53.1
SE,28-03-2020,49.2
SE,29-03-2020,59.4
SE,30-03-2020,44.4
SE,31-03-2020,44.1
SE,01-04-2020,41.6
SE,02-04-2020,44.8
SE,03-04-2020,43.1
SE,04-04-2020,45.2
SE,05-04-2020,51.5
SE,06-04-2020,44.4
SE,09-04-2020,40.8
SE,08-04-2020,41.0
SE,10-04-2020,48.3
SE,11-04-2020,42.0
SE,12-04-2020,48.5
SE,13-04-2020,42.8
SE,14-04-2020,42.2
SE,15-04-2020,42.3
SE,16-04-2020,38.7
SE,17-04-2020,39.0
SE,18-04-2020,42.7
SE,19-04-2020,50.9
SE,20-04-2020,40.9
SE,21-04-2020,47.8
SE,22-04-2020,39.7
SE,23-04-2020,44.1
SE,24-04-2020,39.1
SE,25-04-2020,40.8
SE,26-04-2020,46.9
SE,27-04-2020,39.9
SE,28-04-2020,39.5
SE,29-04-2020,37.6
SE,04-05-2020,39.8
SE,30-04-2020,37.3
SE,01-05-2020,43.7
SE,03-05-2020,44.0
SE,02-05-2020,38.3
MA,06-05-2020,49.3
AM,06-05-2020,49.2
AP,06-05-2020,48.1
CE,06-05-2020,48.0
AC,06-05-2020,46.2
RJ,06-05-2020,46.2
PE,06-05-2020,46.1
PA,06-05-2020,45.7
PI,06-05-2020,44.2
PB,06-05-2020,43.4
AL,06-05-2020,42.8
SP,06-05-2020,42.7
DF,06-05-2020,42.2
RO,06-05-2020,41.9
RR,06-05-2020,41.9
BA,06-05-2020,41.7
RS,06-05-2020,41.0
SC,06-05-2020,41.0
RN,06-05-2020,40.7
PR,06-05-2020,41.0
SE,06-05-2020,40.5
MS,06-05-2020,40.2
ES,06-05-2020,40.0
MG,06-05-2020,39.5
MT,06-05-2020,39.2
GO,06-05-2020,37.3
TO,06-05-2020,37.2
RJ,07-05-2020,49.2
MA,07-05-2020,49.1
PA,07-05-2020,49.0
AP,07-05-2020,48.8
AM,07-05-2020,47.9
CE,07-05-2020,47.7
AC,07-05-2020,46.4
PI,07-05-2020,44.6
PE,07-05-2020,46.2
AL,07-05-2020,44.0
SP,07-05-2020,43.8
PB,07-05-2020,43.5
DF,07-05-2020,42.9
SE,07-05-2020,42.9
RO,07-05-2020,42.4
BA,07-05-2020,41.7
ES,07-05-2020,41.6
RN,07-05-2020,41.2
RR,07-05-2020,40.9
RS,07-05-2020,40.9
MG,07-05-2020,40.3
MT,07-05-2020,39.5
PR,07-05-2020,39.4
SC,07-05-2020,39.2
MS,07-05-2020,39.0
GO,07-05-2020,37.7
TO,07-05-2020,37.6
CE,08-05-2020,48.7
AP,08-05-2020,48.0
PA,08-05-2020,47.1
AC,08-05-2020,46.2
AM,08-05-2020,46.7
MA,08-05-2020,46.0
RJ,08-05-2020,44.8
PE,08-05-2020,43.1
SP,08-05-2020,41.2
RO,08-05-2020,40.7
PI,08-05-2020,40.8
AL,08-05-2020,40.5
PB,08-05-2020,40.3
DF,08-05-2020,40.1
ES,08-05-2020,39.1
RS,08-05-2020,39.1
RR,08-05-2020,38.9
BA,08-05-2020,38.6
PR,08-05-2020,37.9
MG,08-05-2020,37.8
SC,08-05-2020,37.6
RN,08-05-2020,37.6
MS,08-05-2020,37.2
SE,08-05-2020,37.2
MT,08-05-2020,36.9
TO,08-05-2020,35.2
GO,08-05-2020,35.8
